0,4,4,42
1,8,54,49,18
2,11,14,31
3,15,39,16,48
4,19,72
5,21,20
6,25,95,31
7,26,20,28,82
8,30,81,45,91
9,33,97,76
10,34,15
11,36,44,25,59,71
12,37,67,73,36,48
13,38,30,52,84
14,42,57
15,45,91,17
16,46,93,69,60
17,47,27
18,48,48,36,23,32
19,49,64
20,52,58
21,54,16,63,70
22,55,40,24,39,2
23,58,95
24,61,14,90,67,65
25,64,36,74,46
26,66,47,22
27,68,10,26
28,71,85,32,93,84
29,75,54,97
30,77,57,64,2
31,78,96
32,79,54
33,80,78
34,84,10,41,17,83
35,85,65
36,89,20,56,51,63
37,92,37,84
38,94,94,21,83,35
39,95,50
40,97,53
41,101,27,25,86,24
42,105,3,11
43,108,21,40,59
44,109,50
45,113,6,61,63
46,117,43,60,30,81
47,120,11,39
48,124,86,37,72,59
49,125,61,48,59
50,128,53
51,129,81,30,80
52,133,51,46,12
53,137,62
54,140,9,17
55,144,1,38,59
56,148,70
57,151,59,33
58,154,73,50
59,157,10,45,92
60,160,95,14,31
61,161,57,37,99
62,162,82,93
63,166,95
64,167,36
65,171,66,91,81
66,172,56
67,175,44,65,69,88
68,179,52,54
69,180,26
70,183,26,73
71,187,20,50,40
72,188,97,92,85
73,191,29
74,195,63,15,62,91
75,198,6
76,201,19,24,2,26
77,205,6,80,1
78,209,99,53,23
79,213,13,44,48
80,217,93,77,79,24
81,218,18,47,54
82,222,26,38,15,28
83,223,75,33
84,226,80,88
85,227,12,54
86,229,27,18
87,232,31
88,234,89,50,2
89,237,11,65,11,8
90,239,96,35
91,243,51
92,244,95
93,247,45,25,75
94,248,83,10,69,90
95,251,1,64,59,49
96,254,88
97,257,44,42,18,57
98,258,84,89,68,88
99,259,96,32,34,92
100,263,48
101,266,87,85,36
102,268,65,11,76
103,272,39,95,66,92
104,273,11
105,277,56,32,91
106,281,2
107,284,39
108,287,45,52
109,290,98,2,60
110,294,91,92
111,297,91,99,23
112,300,94,47
113,304,62
114,308,76,54,39,52
115,309,58,83
116,312,96
117,316,8
118,320,62,81,70,44
119,324,59,28
120,325,98
121,327,12
122,329,35,35,81,88
123,331,49,1,75,63
124,332,68,63,42,34
125,336,57
126,337,29,43,11,54
127,338,73,68,56,27
128,340,26,82
129,343,64,33
130,346,1,75
131,347,54,10,8
132,351,23,57,91,92
133,354,25
134,356,29,20
135,357,60
136,359,70
137,360,8,49
138,364,23,94
139,366,22,69
140,367,85,47,23
141,368,41
142,372,97,37,64
143,376,21
144,378,65,40,81,69
145,379,68,10,9,16
146,381,29,30,21
147,385,20,33
148,386,71,90,45,15
149,388,60,96,4,5
150,390,39,7,88
151,394,2,2,84,53
152,396,74,15,48
153,400,38,78,83,94
154,402,53,55
155,404,57,56,95,97
156,407,84,85
157,410,28,70
158,413,19,23
159,414,20,20,74
160,416,86,45
161,417,18,64,56
162,419,27
163,420,48,26,58
164,423,29,76,89,71
165,426,1,89,10,74
166,427,40,94,16,17
167,428,52
168,432,60,68,7,84
169,434,86,7
170,438,43,71,67,22
171,442,36,50,87
172,443,90
173,444,90,29,50,61
174,445,25,40,83
175,446,15,92,9,3
176,449,22,74,47,10
177,451,12,73,19
178,453,50,31,39,46
179,454,49,27,7,62
180,457,91,36
181,458,54,78,77,43
182,459,85,34,87
183,461,54,54
184,464,50,7
185,467,3,57,53
186,471,46,31
187,475,18,25,9,5
188,479,94,42,75
189,480,41
190,484,20,45,70,42
191,488,36,80,47
192,491,54,11,6
193,494,55,49
194,497,84,17
195,501,61
196,502,88,38,17,59
197,504,96,40,85
198,508,25,76,54,58
199,510,46
200,513,59,88
201,514,49,44
202,517,31,61
203,520,58,85,66
204,521,43
205,525,66,29,25,91
206,529,75
207,533,49,14,87
208,537,75,39,99
209,539,34
210,540,27,5,43
211,544,49,94
212,548,41,97,95,88
213,550,48,18
214,551,3,64,45
215,553,35,5,75
216,554,71
217,556,6,99,44
218,558,91,77
219,560,65,55
220,563,14,51,88,48
221,564,11,6
222,568,51,83,13,54
223,572,10
224,574,95,88,71
225,577,31
226,580,44,22
227,583,98
228,584,17,67,4
229,588,73,9,99,27
230,591,91
231,595,44,31,96
232,596,78,66,93,22
233,600,83,30,36,60
234,602,62,51,72,76
235,605,47,44
236,608,4,24,67,86
237,610,17,77,39
238,611,58
239,613,67,89
240,615,86,97
241,617,52,32
242,620,47,93
243,623,70,51,25,55
244,624,99
245,625,14,48,82
246,627,43,49,6
247,631,54,20
248,633,17,54,69
249,636,12,49,53
250,640,86,20,20
251,643,68,53
252,645,74
253,646,34,89,55
254,647,29,91,95,82
255,650,76,58,12,78
256,653,96,15,72,2
257,656,83,30,79
258,660,79,6,27,10
259,662,25
260,665,87
261,667,13,36,62
262,670,2
263,674,93,33,63,35
264,676,53,23,25,69
265,680,7,61
266,683,71
267,687,46,62,78
268,691,75,70
269,694,85
270,695,7,19,80,88
271,696,87
272,697,45
273,699,98,99,60
274,700,28,17,98
275,703,49,2
276,704,34,85
277,707,79,87,28,25
278,711,35,38,46,51
279,714,15
280,715,10,83
281,716,55,34
282,719,61,41,13
283,722,11,38,83
284,726,35
285,729,43,11
286,731,50
287,734,71,7
288,737,16
289,738,64,2,68
290,742,65
291,745,1
292,749,94,76,39
293,752,81,60,85
294,756,5,61
295,757,76,93,54
296,760,3,41
297,764,69,41
298,767,10,79
299,771,88,1
300,772,98,22,69
301,775,97,13
302,776,21,60,32
303,779,5,35
304,780,73,75
305,781,22
306,783,29,85,13
307,787,27,51,65
308,791,25
309,794,22
310,795,97,56,21
311,796,74,4,82
312,799,23,51,39,26
313,801,4,73,31,60
314,803,86,93,36
315,805,10,78,23
316,806,68,53
317,809,43,69,1
318,811,48,55,73,43
319,812,47,77,86,12
320,816,47,19,52
321,818,78,39,17,51
322,819,75,46,45
323,823,81,11
324,826,6,18,22,54
325,828,8,10
326,830,66
327,834,90
328,835,48
329,838,88,17,11
330,842,59,45
331,845,74,94,33
332,849,73,6
333,850,93,39
334,854,55,98,11,59
335,856,50
336,859,61,83,3
337,863,29
338,866,6,29,56
339,867,4,32,98
340,871,59
341,874,74,59
342,878,60,28,54,87
343,881,94,35,75,26
344,884,93,69
345,887,34
346,888,69,10
347,892,95,26,78,51
348,894,87,54
349,897,54
350,900,82
351,901,61,62,52,66
352,903,24
353,906,98,92,93,41
354,910,81,96,72
355,911,30,3
356,913,66,17
357,917,17
358,918,85,38,84,15
359,919,38,85
360,921,87,42,11,79
361,923,5,76,44,89
362,925,92,77,55,32
363,926,87,18
364,929,8,6,43
365,931,51,41,99,68
366,934,14
367,935,9,96
368,936,11,2
369,940,8,19,26,57
370,943,99,91,86,7
371,944,71
372,948,59
373,951,93
374,953,99,30,31,92
375,954,37,48,23
376,958,85,50,92
377,959,79,4,83
378,961,10
379,963,40,34
380,965,37
381,967,98,24
382,970,12,85,69,36
383,974,62
384,978,63,68,8
385,982,95
386,984,6,73,34
387,985,74
388,987,67,37
389,991,95,63,25
390,992,28,58,25,87
391,996,11,27
392,999,2,59
393,1001,69,68,59
394,1005,78,76,31,86
395,1007,3,53,73
396,1011,59,48,35
397,1013,46,38,12,88
398,1015,35,73,41,60
399,1016,16,74,83
400,1017,71,29,18
401,1021,65,37,91
402,1023,54
403,1025,31,79,75,51
404,1029,2,25
405,1032,91,2,88,62
406,1033,22
407,1034,68,19,33
408,1037,14,10,61
409,1038,54,21,50,45
410,1039,41
411,1043,1,54,75
412,1045,40,70,10
413,1049,37,54
414,1052,3
415,1054,96,67
416,1055,26,90
417,1059,89
418,1063,42,58,50,75
419,1067,44
420,1068,88,23,95,25
421,1069,28,8
422,1071,73
423,1074,71,23,41
424,1077,72,56,35,96
425,1080,42,73
426,1081,2
427,1084,19,56,42,14
428,1085,92,56,3,38
429,1088,7,11,9,37
430,1091,36,98
431,1095,49,86,58,78
432,1098,60,39,18
433,1100,23
434,1103,44,96,70,12
435,1104,89,87,67
436,1108,3,85
437,1109,34,22,13
438,1113,17
439,1117,86,88
440,1121,21,18,66,58
441,1124,73,36,3
442,1125,75,66,59
443,1127,75,72
444,1128,20,31,48
445,1130,48
446,1134,14,18,94,16
447,1137,38,3,54,83
448,1139,37,72
449,1140,18,81,3
450,1144,26,59,70
451,1147,26,13,6,23
452,1150,3
453,1152,52,30
454,1155,71,48
455,1156,9,28,10
456,1159,16,20,12,56
457,1161,20
458,1164,27
459,1166,48,74,2
460,1168,2
461,1171,40
462,1175,15,65
463,1179,12,66,77
464,1181,50,47,68
465,1184,67,31,50,54
466,1185,16,18
467,1188,34,25,57
468,1190,84,81,12,43
469,1192,95,12,74
470,1194,92,36,40,74
471,1197,33,16
472,1201,44
473,1205,96,86,74,67
474,1209,25,96
475,1213,77,20,95
476,1217,83,59,27
477,1219,65,34,54
478,1222,32
479,1226,69
480,1228,64,32,6,79
481,1231,45
482,1233,76,7,92,18
483,1237,17,17,75
484,1240,64,33,49,43
485,1241,3
486,1242,69,84
487,1245,36,26,17
488,1247,12,88,90,75
489,1249,88
490,1250,98
491,1252,99,57
492,1253,50,91,57,68
493,1254,86,68,96
494,1256,24,22,88,32
495,1260,2,39,30,31
496,1262,47,25,64,26
497,1263,11
498,1267,67,19,63
499,1269,38
500,1273,93,71,76
501,1276,80,73,45
502,1280,21,63,1,40
503,1281,97,76,33
504,1283,19,94
505,1285,81
506,1287,81,22,37
507,1291,7,64
508,1293,54
509,1296,63,16
510,1298,76,72,62,72
511,1302,82,50,98,4
512,1306,51,55,31
513,1307,26,59,56
514,1311,57,39,56,3
515,1315,1,86,46
516,1317,63,51
517,1318,90
518,1319,93,94,70
519,1323,11,84,39
520,1327,10
521,1330,9
522,1331,36,32,50
523,1334,26,46,41,6
524,1336,99,21
525,1339,5
526,1342,17,47
527,1343,6,74,1
528,1347,33,45,83,62
529,1349,86
530,1352,12,21,54
531,1354,91,91,48,32
532,1355,61
533,1357,21
534,1360,51,67
535,1364,81
536,1366,66,55
537,1369,97,21,69
538,1373,21
539,1375,34
540,1377,99,7,98,9
541,1380,98,66,78,5
542,1384,52,86
543,1386,13,87
544,1387,62,48
545,1390,19
546,1393,94,59
547,1394,24,5,76
548,1398,35,9,68
549,1402,99
550,1404,36,7,59,98
551,1405,5,93,27,70
552,1409,83,5,37
553,1411,4,63,96,67
554,1412,86,38,93
555,1416,23,80,73,54
556,1418,55
557,1419,99
558,1421,10,43,39
559,1424,95,42
560,1425,2,19
561,1429,47,53
562,1432,49
563,1435,86,34
564,1439,63,84,78,50
565,1443,27
566,1444,91,7,7,48
567,1447,75
568,1448,83,35
569,1452,49,91,17,96
570,1454,66,17,49,87
571,1456,36,5
572,1459,20,1
573,1461,71,44,57,40
574,1465,95,76
575,1467,75,15,12,59
576,1471,99,47,2
577,1472,13
578,1473,66
579,1475,28,42
580,1477,94
581,1479,91
582,1482,68,69,2
583,1484,80,32,47,72
584,1485,85,14,10,93
585,1489,94,24,85,44
586,1492,12
587,1496,58,89,44,31
588,1499,70,73,87
589,1503,98,32,93,41
590,1505,60,32,20,81
591,1507,44,6
592,1510,80
593,1512,47,57,89,87
594,1516,76
595,1519,54,74,49
596,1523,76,53,44
597,1526,45,57
598,1528,24,4,90,22
599,1531,43
600,1535,94,17,15,65
601,1537,92,22,72
602,1539,87
603,1540,25,37
604,1544,95,3,49,98
605,1546,75,9,84
606,1550,85,10,7
607,1553,11
608,1555,23,7,3,81
609,1557,76,80,55
610,1561,19,75,51
611,1563,24,40,75
612,1565,81,50
613,1566,97
614,1569,19,98
615,1570,64,70,88
616,1573,34,28,49,13
617,1575,3,35
618,1578,62
619,1581,78,80,59
620,1584,92,17,58,42
621,1587,72,16,93,59
622,1588,81,28
623,1592,17,76,43
624,1595,29,18,9,71
625,1599,82,78,40,20
626,1600,87,59
627,1601,67,51
628,1604,69,4
629,1606,5,26,56
630,1609,95,65,63,46
631,1612,87,76,76,44
632,1615,66,18,46,42
633,1618,73,98,16,33
634,1620,74,31
635,1621,21,66
636,1625,56
637,1626,92,68,11
638,1627,1,36,74
639,1628,25
640,1632,33,37,49,73
641,1633,44,8,84
642,1634,84
643,1638,43,80,19,68
644,1639,74,80,99
645,1641,57,58,28,99
646,1643,54,35
647,1645,39,92
648,1647,73,28
649,1649,86,70,16,15
650,1650,31,88
651,1651,71,91,96
652,1654,80
653,1655,5
654,1658,6
655,1659,16,85,52
656,1663,74
657,1666,91,4
658,1670,7,62,14
659,1672,86,2,29
660,1674,1,18,43,67
661,1677,78
662,1680,25,21
663,1682,53
664,1684,31,14,30,82
665,1687,21,29
666,1690,55,11
667,1692,97,8,16,18
668,1694,26,95,54
669,1698,48,8
670,1700,61,62,90
671,1702,52,59,18
672,1705,96,87,12,52
673,1708,20,50,11,86
674,1711,49,92,76
675,1715,13,31,11
676,1717,71,19,56
677,1719,73,42,40,50
678,1722,72,88,49,85
679,1726,20,42,15
680,1727,60,2,26,8
681,1731,71,63
682,1733,51,18,57
683,1736,96,79,69,37
684,1738,74
685,1742,1,52,13
686,1743,25,47,60
687,1746,14,76
688,1750,90,57,81,71
689,1753,21
690,1756,13,38
691,1757,5,23,77,91
692,1760,68
693,1764,11,84
694,1768,27
695,1771,30,2,82,89
696,1774,63,90,10
697,1775,79,69
698,1776,81,78,3
699,1780,48,99
700,1784,7
701,1788,5,31
702,1791,58
703,1794,70,9
704,1795,15,43
705,1798,11,92,5,37
706,1802,37,22,25
707,1803,89,90,77,6
708,1807,13,84
709,1808,91
710,1811,79,89,49,65
711,1815,41,5,30
712,1817,32,14,88,65
713,1820,58,7,32
714,1821,5,30
715,1825,9,93,94
716,1829,68
717,1832,56,92
718,1835,26,35,98,30
719,1837,30,85
720,1839,17
721,1841,10,60,87,27
722,1842,12
723,1843,53,35
724,1847,72,40,43
725,1851,42,78,24,3
726,1852,17,17
727,1855,47
728,1856,12,88,58,95
729,1858,85,71,50
730,1862,62,87
731,1863,74
732,1866,22,17
733,1869,98,1,15,27
734,1870,3,53
735,1871,9,94
736,1875,55
737,1877,25,74,91,30
738,1878,48,61,40,9
739,1879,41,17
740,1881,55,6
741,1882,97
742,1885,31,80,24
743,1886,5,33
744,1887,23,84,22,28
745,1889,13,68
746,1891,6,89,96,86
747,1895,55,21,24,48
748,1896,27,37
749,1898,5,65,46,39
750,1901,26
751,1903,36,39
752,1906,86,8,18
753,1907,13
754,1910,41,98,45,2
755,1912,69
756,1915,18,29,63
757,1916,76,11,2
758,1918,53,75,39,51
759,1922,47,63,4,71
760,1925,58,92,81
761,1927,95
762,1929,43,48,27,36
763,1930,60,55,76,70
764,1933,28,88
765,1934,16,66,73
766,1938,33,52,74,19
767,1941,1,98,75
768,1945,69,62,23,94
769,1949,56,48,92,72
770,1950,52,89,5
771,1953,98,52
772,1955,33,61,84
773,1956,55,60
774,1957,40,77,86
775,1958,12
776,1959,92,49,48,74
777,1961,79
778,1965,28,70,95,5
779,1969,35,85,29
780,1972,12,90,65,31
781,1976,7,39,70
782,1978,53,17
783,1979,87,83,93,53
784,1983,37,9
785,1985,65
786,1987,12
787,1989,36,73,90,7
788,1990,9,11,95
789,1994,50,25
790,1998,43,34
791,2002,71,98
792,2003,22,50
793,2007,50,69
794,2009,1,20,62
795,2013,78
796,2016,73,69,49,70
797,2020,72,84,82
798,2022,82
799,2024,4,97
800,2027,2
801,2028,54,55,74,40
802,2031,84
803,2035,78,99,21
804,2038,78,66
805,2039,62,9,86,73
806,2040,30
807,2043,90,46
808,2045,23,28
809,2046,11,78,55,57
810,2047,65,50
811,2048,46,20
812,2050,26
813,2051,39
814,2052,17
815,2056,6,5,41
816,2059,38,77,37
817,2063,68,95,16,21
818,2064,39,24
819,2068,37,28,58
820,2071,1
821,2072,53,68,93,35
822,2074,73,55,49,57
823,2075,19,38,32
824,2077,59,85,39,7
825,2079,58,8
826,2083,9,63,80,38
827,2087,5,70
828,2088,13,65
829,2091,94,23,63
830,2092,28,1,47
831,2096,23,25,75
832,2100,75
833,2103,12,94,30
834,2107,30,8
835,2111,36,51
836,2114,43,89
837,2117,98,73
838,2121,13
839,2122,94,42,37,64
840,2126,40,35
841,2128,84,99,30,56
842,2132,32,2
843,2136,88
844,2140,80,80,86,77
845,2142,29,52
846,2144,94,62,91,56
847,2145,67
848,2149,15,52,69
849,2152,66,12,41,5
850,2153,42
851,2156,69
852,2159,33,71,48,34
853,2161,85,19,3
854,2164,38
855,2166,38,86,98
856,2168,66,2,34,58
857,2172,32,16,8
858,2176,10,54,85
859,2178,38,2,85,14
860,2182,80,68
861,2185,99,60
862,2187,69,21
863,2190,44
864,2192,28,76
865,2196,9,63
866,2200,36
867,2202,11,81,28
868,2204,94,77
869,2205,11
870,2209,99,77,21
871,2213,22
872,2215,86,27
873,2219,99,11,13,78
874,2220,88,24,83
875,2222,91
876,2223,45,87,8,47
877,2227,75
878,2228,60,4,45
879,2229,65,27
880,2232,81
881,2236,89,36,52,3
882,2240,43,56
883,2241,24
884,2244,52,34
885,2245,98,29
886,2248,27,76,87
887,2251,99,92,86
888,2253,2
889,2257,28,1
890,2261,23,85,51,12
891,2264,39
892,2265,90,54,73,45
893,2266,46,60,92,33
894,2269,82,47,37,26
895,2272,10
896,2276,29,89,4
897,2280,40
898,2281,26,75,10,77
899,2283,72,80,5
900,2284,43,22,72,91
901,2288,96,34,29
902,2291,31
903,2294,95,71,7,95
904,2297,24,21
905,2299,89,48,26
906,2300,5,82,5
907,2301,37
908,2303,16,6
909,2307,27,56,41
910,2311,85,57
911,2312,92
912,2315,33,4
913,2316,60,51
914,2320,28
915,2322,62,65,53,16
916,2325,48
917,2328,74
918,2332,46,24,18,51
919,2334,74,57
920,2336,59,74,34,45
921,2337,68,39,96
922,2339,92,40,57,68
923,2342,66,33
924,2343,92,30
925,2346,5,69,77
926,2348,58,13,61,92
927,2352,66,22,45,40
928,2355,35,62,31,65
929,2359,41,78,14
930,2360,18
931,2364,18
932,2365,90,79,72
933,2366,76,66,26,11
934,2367,53,23
935,2368,75
936,2372,38,17,49,42
937,2375,30,73
938,2378,54,6,78,40
939,2379,96
940,2381,6,67,37,81
941,2385,99
942,2389,15,46,63
943,2392,17,79
944,2394,44,72,78
945,2398,81,60,60
946,2399,48
947,2402,55
948,2404,61,12
949,2408,80,33
950,2409,20,91
951,2410,18,49,5,13
952,2413,18,29,97,13
953,2415,31
954,2419,82,67
955,2422,90
956,2425,26,64
957,2427,48,11,17
958,2428,10,93,46,17
959,2429,60,53,30,86
960,2432,13,93,71
961,2434,93
962,2435,55,60,33
963,2437,22,73,6,85
964,2440,90
965,2444,65,83,49
966,2446,76,15
967,2450,94,88,30,92
968,2451,33
969,2452,12
970,2454,80,18,72,17
971,2455,36,28,65
972,2459,54,51
973,2462,4
974,2466,83,20,5
975,2470,25,53
976,2473,73,21,77
977,2474,32,4,35
978,2478,65,79,57,87
979,2482,15,85,53
980,2484,18,47,41,20
981,2486,90,48
982,2490,32
983,2494,55,55
984,2498,25,27,70,9
985,2499,3,22,67
986,2503,53
987,2505,43
988,2508,51
989,2512,80,9
990,2515,88,50,19
991,2518,32,89,1,3
992,2520,72,80,70,24
993,2523,34,9,21
994,2527,47
995,2531,48,35,92,19
996,2534,40
997,2537,49
998,2538,30,76,46
999,2541,28,79,80,69
1000,2543,43,6,60,47
1001,2544,55,61,3,62
1002,2548,79
1003,2550,93
1004,2554,84,97
1005,2555,22
1006,2558,42,16
1007,2559,27,3,31,5
1008,2562,50
1009,2563,21,17,55,19
1010,2567,79,35
1011,2571,32,93,68
1012,2572,9,49,52
1013,2575,79,84,41
1014,2576,86,9
1015,2580,2,27,5,14
1016,2582,64,87
1017,2583,32,8
1018,2586,22,59
1019,2589,63,64,10
1020,2590,95
1021,2594,18,64,36,15
1022,2596,90,84,9,30
1023,2598,78,69
1024,2601,77,15
1025,2602,34,48,55
1026,2606,13,5,20
1027,2610,77,6,67
1028,2612,5,36,11,93
1029,2616,74
1030,2617,67,37
1031,2620,20,24,33,86
1032,2624,7
1033,2628,19,73,73
1034,2631,16,99,55,11
1035,2633,18,25,58
1036,2637,31,74,55
1037,2641,85,13
1038,2644,36,64
1039,2648,31,49,28,65
1040,2651,8,36,24
1041,2653,78,39
1042,2657,49,44
1043,2660,14,28,30
1044,2661,30,97,7,65
1045,2664,84,37,14
1046,2668,7
1047,2671,7,94
1048,2674,12,37,43
1049,2675,38
1050,2679,23,68,60
1051,2681,83,49
1052,2683,91,70,61
1053,2686,15,87,76
1054,2689,79
1055,2691,38
1056,2693,88,22
1057,2697,37,33
1058,2700,28,19,58,61
1059,2704,46,56,3
1060,2708,79,85,17,54
1061,2712,63,79
1062,2713,22,11,75
1063,2716,32,49,28,36
1064,2719,62,68,95
1065,2721,74,75
1066,2725,49
1067,2728,76,65
1068,2732,9,13,41,81
1069,2733,13,34,52,63
1070,2736,29,78,69,10
1071,2737,69,48,88
1072,2738,16,34,6
1073,2741,99,61,15
1074,2745,8,61,24
1075,2749,18,66,42
1076,2753,41,13,71
1077,2756,31,52,46,30
1078,2760,91,79
1079,2764,90
1080,2767,41
1081,2771,85
1082,2775,90,6
1083,2777,31
1084,2779,56,18
1085,2783,95,6,91,44
1086,2786,14
1087,2788,89,60,14,73
1088,2791,41,24
1089,2794,40,11,49
1090,2796,30,32,15
1091,2799,43,72,3
1092,2801,76,3,37
1093,2805,27,23,86,28
1094,2809,36,95,77,15
1095,2812,57,6,23
1096,2813,53
1097,2816,95,88,61
1098,2820,51,85
1099,2824,52,91,27
1100,2827,46,66,34
1101,2831,53
1102,2832,28
1103,2834,5
1104,2836,19,73,63,50
1105,2839,74
1106,2841,19,20
1107,2844,25,51
1108,2847,35,84,8,60
1109,2849,47,83,81,94
1110,2851,92,30,85
1111,2855,17,7
1112,2856,84
1113,2857,25,33,38
1114,2859,23
1115,2860,43,17,56
1116,2864,35
1117,2866,27,77
1118,2870,18,85,8,87
1119,2871,72,57,62
1120,2875,11,96,79,15
1121,2877,22
1122,2879,1,49
1123,2882,71,42,17
1124,2886,91
1125,2890,84,2
1126,2894,37,89,70
1127,2898,38,52,20,83
1128,2900,32,23,2,34
1129,2903,55,23
1130,2906,79,87
1131,2908,64,69,48
1132,2911,64,95,27
1133,2914,54,38,97
1134,2915,38
1135,2919,31
1136,2921,37,86,6,47
1137,2924,86
1138,2926,13,69,39,74
1139,2928,24,85,94
1140,2929,92
1141,2931,94,23,6,98
1142,2935,4,70,92
1143,2936,94,97,36,35
1144,2937,67,48
1145,2939,33
1146,2942,5,40,14,85
1147,2944,49,97,54
1148,2948,7,72,74,12
1149,2952,56,10
1150,2955,46,21,36,76
1151,2959,93,68,88,41
1152,2962,39
1153,2965,11,45,64
1154,2968,99,18,8
1155,2969,6,54
1156,2970,68,94,24,21
1157,2971,29,42,53
1158,2973,29,28,30
1159,2977,78
1160,2980,71,98
1161,2984,16,44,17
1162,2988,87,67,51
1163,2991,12,60,20,69
1164,2992,52,72,34,13
1165,2995,67,43,16,7
1166,2998,14,72,42,41
1167,3001,47,20,31
1168,3003,2,21,95,82
1169,3006,63,42
1170,3009,19,65,13,95
1171,3013,12,71,12
1172,3017,83
1173,3020,12,70,40
1174,3022,41
1175,3026,1,28
1176,3029,21
1177,3030,72,46
1178,3031,7,37,54,50
1179,3033,7
1180,3035,9,1,19
1181,3037,50,52,32,47
1182,3038,49
1183,3041,51,43
1184,3045,79,76
1185,3047,87
1186,3050,34,87,7,17
1187,3052,35
1188,3055,3,49,34,64
1189,3057,96
1190,3061,48,76,74,15
1191,3063,75,90,82,78
1192,3064,48,75,40
1193,3068,46,91,61
1194,3072,15,21,18,34
1195,3076,23
1196,3079,95
1197,3082,70,70,57,47
1198,3083,67,82
1199,3086,68,98,45
1200,3090,83,88,40,26
1201,3093,85,12,10,44
1202,3094,23,21
1203,3096,25,24,14
1204,3098,32
1205,3101,90
1206,3102,65,38
1207,3103,26,68
1208,3107,71,67,86,4
1209,3108,46
1210,3109,63,4,19,88
1211,3110,37
1212,3111,24,19
1213,3115,38,73,46
1214,3117,62
1215,3119,45
1216,3120,14,72
1217,3123,62,5,25,79
1218,3126,30,55,18
1219,3130,34
1220,3133,2,39,39,71
1221,3136,76,96
1222,3138,69,43,42,26
1223,3142,64,57,29
1224,3143,53,58
1225,3147,78,97,69,47
1226,3150,55
1227,3154,70
1228,3158,77,68,62,5
1229,3160,71,46,54
1230,3164,38
1231,3167,13,70,67,48
1232,3169,90,48,56,4
1233,3173,59
1234,3176,35,86,39
1235,3177,90,5,54
1236,3179,56,76,37
1237,3182,13
1238,3184,88,43,79,72
1239,3185,27,38,7,69
1240,3187,75,24,83
1241,3188,12,77,92
1242,3189,17,43,23
1243,3193,29,27,11,70
1244,3196,24,71,77
1245,3197,30
1246,3198,26,53,3
1247,3201,8,83
1248,3202,76,22,79
1249,3206,62,80,37
1250,3209,75,26,68,34
1251,3212,92
1252,3214,40
1253,3215,97,96,14,21
1254,3218,97,76,51
1255,3219,77
1256,3222,56,97
1257,3225,84,98
1258,3226,75,37,23,72
1259,3228,36,62,20
1260,3229,48,4,83,32
1261,3233,87
1262,3236,45,69
1263,3238,10,69
1264,3239,88,59,41,81
1265,3240,62,92
1266,3242,39
1267,3243,45,45,12
1268,3244,24,6,17
1269,3248,85,74
1270,3252,94,1
1271,3256,20,63,17
1272,3258,36,67
1273,3261,74,53,62
1274,3265,4,36
1275,3269,15
1276,3271,94
1277,3275,36,58,99,82
1278,3276,58,63,1,17
1279,3277,8,71
1280,3279,89
1281,3282,70,54,47,68
1282,3286,92,94
1283,3289,44,70,82,37
1284,3293,54
1285,3294,20,13,43,45
1286,3298,9
1287,3301,17,84,37,74
1288,3304,27,5,55
1289,3306,43,37
1290,3310,86,90,15,87
1291,3313,45
1292,3314,86,21,11
1293,3315,5,75,5,26
1294,3317,78,8,48
1295,3319,36,27,68
1296,3323,83,71,92
1297,3326,90,57,15
1298,3329,40,92,3
1299,3331,31,62,80,59
1300,3333,77,4
1301,3334,76,38,5
1302,3336,82
1303,3340,23,33,74
1304,3341,42,72,14,23
1305,3343,94,48,86
1306,3344,64,15,89,79
1307,3347,65,55
1308,3350,53,85,33
1309,3351,59,1,15
1310,3354,3,94
1311,3358,81,65,4,24
1312,3361,18,2,50,85
1313,3364,67
1314,3366,60,39,19
1315,3367,6,75,50,73
1316,3369,32,60
1317,3372,95
1318,3376,82
1319,3377,38,39
1320,3378,35
1321,3380,62,82,80
1322,3382,66,82,53
1323,3383,11,32,77
1324,3385,87
1325,3388,77,59,36
1326,3391,54
1327,3395,66,52,64,88
1328,3398,46
1329,3401,76,99,44
1330,3402,34,61,89
1331,3406,13,20,40
1332,3410,86
1333,3412,61
1334,3415,34,64
1335,3418,73
1336,3421,19,18,17
1337,3422,56,31
1338,3425,70
1339,3427,20,58,13
1340,3430,23,65,82
1341,3433,53,81,24
1342,3435,85
1343,3436,34
1344,3439,61
1345,3441,24,73,37
1346,3442,60,27,63
1347,3445,20,18,7,66
1348,3449,71,70,95
1349,3451,78,66,83
1350,3452,19,64,79
1351,3456,43
1352,3458,12,63,23
1353,3459,20,75
1354,3463,6,42,79,59
1355,3465,91,61
1356,3469,92,47,37,90
1357,3471,25,8,67,68
1358,3472,53,2
1359,3474,19,78
1360,3477,31,41,90
1361,3481,90,42,40,75
1362,3484,94
1363,3487,97,92
1364,3491,43
1365,3494,36,57
1366,3495,92
1367,3496,30
1368,3499,77
1369,3503,2,75,3
1370,3505,86,14
1371,3509,65
1372,3512,69,51
1373,3516,69,85,36,76
1374,3519,79,78
1375,3523,10,56
1376,3526,52,46
1377,3528,93,60,22,48
1378,3529,65,43
1379,3533,85,4,85
1380,3534,71
1381,3538,82,45,69
1382,3541,41,93
1383,3542,30,84,34,68
1384,3546,78,53
1385,3547,64,22,42,62
1386,3548,8,66,19,44
1387,3551,13,47,27,65
1388,3552,93,44
1389,3553,27
1390,3554,81,22,38
1391,3558,20,84
1392,3559,65,92,70
1393,3560,70
1394,3563,59
1395,3567,75,49,21
1396,3568,38,71
1397,3572,20,22,19
1398,3573,56,8,46,12
1399,3577,51
1400,3579,11,36
1401,3580,14
1402,3581,64
1403,3585,33
1404,3587,10,75
1405,3588,7
1406,3591,18
1407,3592,80,99
1408,3594,82,57
1409,3597,4,49,89,67
1410,3598,41,6,27
1411,3599,17,36,16
1412,3600,4
1413,3603,96,83
1414,3607,42
1415,3608,57,64
1416,3609,6,12,13,66
1417,3613,37,10
1418,3615,28,39
1419,3617,6,30,31
1420,3620,4
1421,3623,96
1422,3627,47,45,6
1423,3630,23,73
1424,3634,29,37
1425,3638,24,32
1426,3639,27,67,24,11
1427,3642,57
1428,3645,32,68,45
1429,3647,20,27,71,82
1430,3649,98
1431,3653,42,98
1432,3655,88,74
1433,3657,14,78,18
1434,3658,89,12,82
1435,3659,79,64,33,9
1436,3662,28
1437,3666,99,57,23,39
1438,3669,31,30,25,99
1439,3671,33,83
1440,3673,51
1441,3676,81
1442,3677,71,63,34,79
1443,3679,6,65,44
1444,3680,60,97,74
1445,3682,71,93,91,74
1446,3685,17,11,51,59
1447,3686,90,65,82,9
1448,3689,59,94,8,41
1449,3691,32
1450,3694,93,50,43
1451,3698,98
1452,3699,19,20,90
1453,3701,62,36,17
1454,3702,66,34,80
1455,3706,12
1456,3709,53,64,56,85
1457,3713,48,75,98
1458,3717,88,21
1459,3721,1,95,74
1460,3725,32
1461,3729,41,59,38,20
1462,3733,88,33,23,34
1463,3734,77
1464,3736,75,80
1465,3737,32,1
1466,3741,6,65
1467,3743,72,99
1468,3747,3,74,61,49
1469,3748,96,72,49
1470,3750,36
1471,3753,20,34
1472,3754,16
1473,3758,15
1474,3760,87,47
1475,3763,34,50
1476,3765,49,9,4,71
1477,3767,39,90
1478,3769,89,7,45
1479,3773,99,93,45,56
1480,3774,52,16
1481,3777,89,40
1482,3781,54
1483,3784,3
1484,3788,95
1485,3791,67,54,35
1486,3793,73,63
1487,3795,14,34
1488,3796,40,72,77
1489,3797,75,12,3,66
1490,3800,1
1491,3804,85,95,63,18
1492,3808,80
1493,3810,6,6,55,92
1494,3812,14,78,92,78
1495,3815,43
1496,3819,76,25,23
1497,3821,23,3,57,28
1498,3825,41,41,54
1499,3826,58,27
1500,3830,54
1501,3833,32,8,63,70
1502,3834,1,14,45
1503,3837,52,30
1504,3840,47
1505,3841,94,98,10,48
1506,3844,65
1507,3845,23,51,17
1508,3847,53,97,56,70
1509,3851,93,63,63,23
1510,3854,36,13,54
1511,3856,70,7
1512,3857,24
1513,3859,28
1514,3863,73,87,12
1515,3864,54,54,87,71
1516,3865,11,37,58
1517,3867,44,79,30,9
1518,3868,54,77
1519,3872,58,97,50
1520,3873,59,50
1521,3874,44
1522,3877,50,44,10
1523,3880,99
1524,3883,18,39,9
1525,3886,76
1526,3889,3
1527,3892,78,98
1528,3893,39,53,91,18
1529,3894,21,25,76
1530,3895,41,32
1531,3896,21,70,21
1532,3900,91,66,89,73
1533,3902,14
1534,3903,43,17
1535,3906,19,39
1536,3907,88
1537,3909,18
1538,3911,16
1539,3913,18,75,98
1540,3917,18,78
1541,3918,4,80,80,10
1542,3922,9,6
1543,3924,66,7
1544,3926,8,18
1545,3928,72,40
1546,3929,32,52,61
1547,3933,86
1548,3937,9,30,5
1549,3941,93,37,67
1550,3944,46,13
1551,3947,4,87
1552,3950,94,24,14
1553,3951,91
1554,3953,59,13,12
1555,3954,39
1556,3957,83,73,46
1557,3959,29
1558,3961,90,73
1559,3962,88,4
1560,3966,10,72
1561,3969,48,97
1562,3972,32,17,4,13
1563,3975,28,76,87,2
1564,3979,31,84,33,75
1565,3982,79
1566,3985,63,25
1567,3987,29,29,92
1568,3991,13
1569,3994,65,38
1570,3997,95,39
1571,4001,27,65,22
1572,4003,44,17,68
1573,4006,12
1574,4007,33,99,98,56
1575,4011,4
1576,4012,5,55
1577,4016,89,99,96,97
1578,4018,32,36,55,26
1579,4019,12,43
1580,4022,83
1581,4026,98,14
1582,4030,88,20,53
1583,4034,39,72
1584,4035,59
1585,4038,6,80,21
1586,4042,50,74,89,83
1587,4044,82,57,83
1588,4046,18,19,5
1589,4048,46,23,83
1590,4052,25
1591,4053,37
1592,4057,92,9,28,27
1593,4059,23
1594,4063,55,70,89
1595,4064,98
1596,4068,96,81,77,7
1597,4070,32,69,48,27
1598,4072,47,68,54,38
1599,4076,6
1600,4080,87,74,82
1601,4082,74,55,24,41
1602,4086,63,68,63
1603,4087,9
1604,4091,45,61,36,10
1605,4095,99,15
1606,4099,14
1607,4101,6
1608,4104,95
1609,4108,95
1610,4109,64
1611,4112,36,16,44
1612,4115,13,29,42
1613,4117,96,17
1614,4121,53
1615,4122,67
1616,4125,97,6,5,96
1617,4126,62
1618,4128,40
1619,4132,46
1620,4135,18,26,17
1621,4139,37,54,58,7
1622,4142,34,74,12,72
1623,4145,96,78,21
1624,4149,32,21,10
1625,4152,75,12,72,46
1626,4154,54
1627,4156,39,42
1628,4160,62,37,63,57
1629,4161,55
1630,4165,65,5,4
1631,4167,77,71,27
1632,4168,80
1633,4172,10
1634,4174,75,71,98,31
1635,4175,62,92
1636,4176,85,68,78,67
1637,4177,30,51,51,22
1638,4181,60,51,70
1639,4182,38,84
1640,4184,56
1641,4185,10,82
1642,4187,89,71
1643,4188,33,56,51,43
1644,4189,35,18
1645,4191,36,12,47,85
1646,4193,56,25,13,41
1647,4196,70,28,53,60
1648,4200,85,51,24,86
1649,4204,63,11,78,69
1650,4205,97
1651,4206,5,59,65
1652,4209,42
1653,4211,12
1654,4213,25,89
1655,4216,38,13,21
1656,4218,7,72,11,69
1657,4220,28,86,92,47
1658,4223,33,14,57,99
1659,4227,5,12,59,45
1660,4228,27
1661,4230,21,39,84,2
1662,4234,2
1663,4238,6
1664,4242,20
1665,4243,83,72,44,14
1666,4244,88,90,22,87
1667,4246,10
1668,4249,69,44
1669,4253,26,89
1670,4254,22
1671,4255,48,51,16,71
1672,4256,15,70
1673,4259,4,38,64,12
1674,4263,46,75,5
1675,4264,87,26,56,34
1676,4266,43,91
1677,4267,93,10,94,83
1678,4270,2,95,52,35
1679,4274,53,71,11,1
1680,4278,14,55
1681,4281,27,72,34,14
1682,4283,34,94
1683,4285,15,54,84
1684,4287,43,52,87,34
1685,4291,81,55,60
1686,4292,53
1687,4295,27,33
1688,4299,85,30,87,12
1689,4300,69,36,28,71
1690,4303,20,38,40,94
1691,4304,49
1692,4307,39
1693,4308,58
1694,4311,57,84,86,20
1695,4315,2,15
1696,4317,39,2,64
1697,4321,9,72,45
1698,4323,35,56,78,84
1699,4325,94,72
1700,4328,55,39,58
1701,4330,87,87,29
1702,4332,80,42,20
1703,4334,78
1704,4337,52
1705,4341,17
1706,4342,93
1707,4344,82,54,84,15
1708,4345,92,36
1709,4348,96,56,51,74
1710,4349,83,13,31,85
1711,4352,19
1712,4353,15,84,21
1713,4355,99,31
1714,4359,54,59,73
1715,4362,11,34,24
1716,4365,61,66,31,67
1717,4366,98,54,47,10
1718,4369,40
1719,4370,43,3,97,24
1720,4372,94,61
1721,4375,24
1722,4376,77,61
1723,4378,85,55
1724,4381,32,73,85,37
1725,4384,47
1726,4388,50,88
1727,4390,92
1728,4392,59,99,18
1729,4395,87
1730,4397,37
1731,4399,68,26,64,79
1732,4402,26,81,83,35
1733,4406,97,56
1734,4409,29,78,51
1735,4410,58
1736,4414,3
1737,4418,69,56,36
1738,4419,12,89,74
1739,4422,82,73
1740,4426,68,24,35
1741,4429,71,59
1742,4430,84,73
1743,4432,96,6
1744,4434,52
1745,4438,18,34,41
1746,4440,69,1,85,73
1747,4444,86,15
1748,4445,6,99,49
1749,4448,36,44
1750,4449,3,96,70
1751,4453,59,5,34,92
1752,4454,32
1753,4457,30,89,94,22
1754,4458,15,57
1755,4462,21
1756,4466,44,98,71,6
1757,4470,9,42,12,14
1758,4473,21,65,19,32
1759,4474,6,55,20
1760,4476,99,23,51,58
1761,4479,77,53
1762,4481,46,51
1763,4482,59,12
1764,4484,35,63
1765,4487,61,65
1766,4489,1,85,53,47
1767,4491,92,56
1768,4492,60,3,78,35
1769,4495,22,87
1770,4497,76,26,69,74
1771,4498,17,9,30
1772,4502,52
1773,4505,58,39
1774,4508,46
1775,4509,72,20,9,1
1776,4510,83,39,50
1777,4514,32,95
1778,4517,82
1779,4520,28,26,85,48
1780,4523,76,28
1781,4526,74,40
1782,4529,82,55,12
1783,4533,33,40,52
1784,4536,11,26
1785,4539,96,52,78,72
1786,4541,70,77
1787,4542,93,4,71,44
1788,4545,71,5,29
1789,4549,32
1790,4553,92,5,51
1791,4555,63,52
1792,4558,22,95,78
1793,4559,63,71
1794,4561,77,1,33,37
1795,4563,24,49
1796,4564,95,63,27,50
1797,4566,95
1798,4567,45,99
1799,4570,86
1800,4574,26,7
1801,4578,12,86,70
1802,4579,66
1803,4583,98,44,58,17
1804,4584,60
1805,4586,5,1,72,9
1806,4590,55,90,30
1807,4591,96,42
1808,4595,95,78
1809,4598,83,16,47
1810,4602,33,91,9
1811,4605,43,97
1812,4608,90,15
1813,4610,36,84,73,44
1814,4613,66,5
1815,4617,85,26,60
1816,4618,99,5
1817,4620,34,15,5,45
1818,4622,43,13,86,85
1819,4625,53
1820,4626,68
1821,4630,80,28
1822,4632,23,98,96,1
1823,4636,84,11,61
1824,4640,22
1825,4641,40,25
1826,4644,42,2,40
1827,4646,58,20,77
1828,4649,44,3,45,3
1829,4652,61
1830,4656,92,66,94,12
1831,4658,86,5,26
1832,4662,91,50,35
1833,4663,98,14,5
1834,4666,55,77
1835,4670,46,10,56
1836,4671,54,10
1837,4673,3,46
1838,4675,98
1839,4679,6,4
1840,4683,75
1841,4685,64,77,50,22
1842,4687,34,82,42,51
1843,4690,84,92,17,8
1844,4694,25,7,49
1845,4697,54,74
1846,4701,44,68
1847,4702,8
1848,4703,92,76
1849,4706,96,12,36,80
1850,4707,45,3,14,49
1851,4710,26,46,58
1852,4711,49,45,32,88
1853,4713,50
1854,4714,12,95,30
1855,4716,3,33,73,14
1856,4717,86,37,56,81
1857,4718,19,11
1858,4721,75,90,72,50
1859,4723,74,88,51,43
1860,4726,48,92,75
1861,4729,5,90
1862,4731,95,78,97
1863,4734,56,9
1864,4738,29,4
1865,4740,88,13,73,23
1866,4742,52,80,82,74
1867,4745,97,26,89,81
1868,4748,27,45
1869,4751,68
1870,4753,14
1871,4754,47,41
1872,4757,57,15
1873,4759,77,75
1874,4762,43,30,98
1875,4763,26,4,85
1876,4767,97,61,38,32
1877,4770,41,56,68,58
1878,4771,44,70,86
1879,4773,5,76,36
1880,4776,61
1881,4780,79,66,64,94
1882,4782,18,30,36
1883,4785,14,88,47,88
1884,4789,16,72
1885,4790,45,62
1886,4792,70,7
1887,4793,51,40,27,97
1888,4795,1,91
1889,4796,66,61
1890,4798,35
1891,4799,12,82,45,98
1892,4801,45,4
1893,4805,84,58,10,36
1894,4807,35,7
1895,4808,66
1896,4812,72,14,9,84
1897,4814,11,27,17,97
1898,4815,31,70,2
1899,4817,57,31,82,45
1900,4819,64,39,42
1901,4823,68,5,79
1902,4824,47,6
1903,4825,14
1904,4829,50
1905,4830,95,31,50,10
1906,4832,50,65
1907,4836,13,18
1908,4839,99,59,44
1909,4842,88,20,13,55
1910,4843,44,47,40
1911,4844,47,64,14,27
1912,4847,65
1913,4851,1,55,37
1914,4853,93,17
1915,4856,81
1916,4858,90
1917,4860,42
1918,4863,83,51,25,72
1919,4867,95,33,27
1920,4868,82,80,94,23
1921,4870,14,48,36,51
1922,4874,38,34,22
1923,4877,72,13,67
1924,4880,42,51,7,61
1925,4884,2,98
1926,4886,34
1927,4890,44,76,57,12
1928,4894,52,10,46,2
1929,4898,6,25
1930,4900,33,95,34,65
1931,4903,5,49
1932,4904,71,74
1933,4908,68
1934,4910,63
1935,4914,86,46,76
1936,4918,49,42
1937,4921,47,19,69
1938,4925,27,62,87
1939,4927,30,34,92
1940,4929,69,55,1,9
1941,4932,51,74,1,13
1942,4935,59
1943,4936,39,28,54,97
1944,4940,21,52,35
1945,4942,79,5
1946,4944,54,30,60
1947,4945,55,38,85,68
1948,4947,92
1949,4948,49,25,93,42
1950,4950,61
1951,4952,44,31,10,59
1952,4954,58
1953,4956,71,81
1954,4959,77
1955,4963,95,11,61,21
1956,4965,62,11,30,6
1957,4966,27,18,62
1958,4969,43,27,71
1959,4972,29
1960,4973,58,95,71,93
1961,4976,30,7,8
1962,4978,48
1963,4980,97,56,94,33
1964,4982,53,48
1965,4985,19
1966,4986,20,63,24,26
1967,4989,33,57,35,93
1968,4992,58,96,74,63
1969,4994,78,59,48,93
1970,4996,5,46
1971,5000,11
1972,5001,16,90,89
1973,5003,12,15,84,6
1974,5007,94
1975,5010,89,34,75,43
1976,5013,75,39,5,49
1977,5017,17,97,66
1978,5021,9,7
1979,5025,41,69
1980,5026,51
1981,5027,23
1982,5031,68,7
1983,5033,43
1984,5036,80,68,33,72
1985,5038,68,83
1986,5041,72,28
1987,5042,38
1988,5046,58
1989,5047,2
1990,5051,92,70,74,64
1991,5055,93,2,60
1992,5059,81
1993,5062,33,39
1994,5066,88
1995,5070,76,58,42,37
1996,5074,23,69,72
1997,5077,51,16
1998,5080,67
1999,5083,21
